,category_name,count
1287,Handmade/Pets/Blanket,1
919,Handmade/Patterns/Painting,1
1191,Handmade/Housewares/Storage Solutions,1
1100,Handmade/Needlecraft/Clothing,1
917,Handmade/Holidays/Thanksgiving,1
883,Handmade/Geekery/Videogame,1
1196,Handmade/Weddings/Bags and Purses,1
1198,Handmade/Ceramics and Pottery/Jewelry,1
1200,Handmade/Bags and Purses/Diaper Bag,1
1205,Vintage & Collectibles/Paper Ephemera/Map,1
1206,Vintage & Collectibles/Furniture/Shelf,1
1208,Handmade/Woodworking/Sports,1
794,Handmade/Accessories/Belt,1
1214,Other/Magazines/International Publications,1
1215,Handmade/Knitting/Cozy,1
1219,Handmade/Holidays/St Patricks,1
1222,Handmade/Glass/Vases,1
1224,Handmade/Accessories/Mirror,1
1226,Handmade/Bags and Purses/Other,1
1229,Handmade/Ceramics and Pottery/Sculptures,1
1230,Handmade/Patterns/Baby,1
1231,Other/Pet Supplies/Pet Food,1
928,Handmade/Housewares/Bathroom,1
1233,Home/Furniture/Bathroom Furniture,1
1182,Handmade/Dolls and Miniatures/Primitive,1
1178,Handmade/Patterns/Accessories,1
1089,Handmade/Knitting/Bags and Purses,1
1087,Men/Blazers & Sport Coats/Double Breasted,1
1075,Handmade/Quilts/Bed,1
1113,Vintage & Collectibles/Furniture/Storage,1
1070,Handmade/Others/Educational,1
1069,Handmade/Woodworking/Sculptures,1
1068,Other/Automotive/RV Parts & Accessories,1
1120,Handmade/Weddings/Something Blue,1
1126,Handmade/Housewares/Cleaning,1
1131,Handmade/Ceramics and Pottery/Tiles,1
1044,Home/Home Appliances/Garbage Disposals,1
1042,Vintage & Collectibles/Book/Decorating,1
1138,Handmade/Art/Aceo,1
1139,Handmade/Weddings/Frames,1
1150,Handmade/Paper Goods/Pad,1
1022,Handmade/Toys/Doll Clothes,1
1009,Handmade/Dolls and Miniatures/Child Friendly,1
1005,Vintage & Collectibles/Antique/Furniture,1
987,Handmade/Geekery/Housewares,1
1169,Handmade/Woodworking/Accessories,1
1175,Home/Kids' Home Store/Nursery Furniture,1
1179,Handmade/Pets/Tag,1
1236,Handmade/Accessories/Cuff,1
1192,Handmade/Knitting/Doll,1
1264,Handmade/Books and Zines/Comic,1
1247,Handmade/Holidays/New Years,1
1274,Handmade/Furniture/Shelf,1
1273,Handmade/Toys/Sports,1
1272,Handmade/Patterns/Embroidery,1
1267,Handmade/Bags and Purses/Wallet,1
1260,Kids/Safety/Crib Netting,1
1259,Vintage & Collectibles/Furniture/Other,1
1268,Kids/Safety/Bathroom Safety,1
1265,Handmade/Accessories/Cozy,1
1252,Home/Home Décor/Doorstops,1
1258,Handmade/Quilts/Pillow,1
1271,Vintage & Collectibles/Supplies/Zipper,1
1257,Vintage & Collectibles/Housewares/Towel,1
1253,Handmade/Woodworking/Seasonal,1
1269,Handmade/Knitting/Scarf,1
1254,Home/Bath/Bathroom Shelves,1
1251,Handmade/Quilts/Trim,1
665,Men/Suits/One Button,1
1275,Handmade/Knitting/Women,1
1266,Handmade/Children/Furniture,1
1285,Handmade/Jewelry/Clothing,1
1286,Vintage & Collectibles/Supplies/Ephemera,1
1283,Handmade/Furniture/Fixture,1
1240,Handmade/Woodworking/Supplies,1
1241,Handmade/Holidays/Patriotic,1
1282,Handmade/Dolls and Miniatures/Artist Bears,1
1280,Handmade/Toys/Bear,1
1281,Handmade/Furniture/Other,1
1262,Vintage & Collectibles/Furniture/Entertainment,1
1261,Men/Suits/Four Button,1
1245,Kids/Diapering/Washcloths & Towels,1
1277,Handmade/Glass/Mirrors,1
1279,Home/Home Appliances/Dishwashers,1
990,"Other/Automotive/Paint, Body & Trim",2
970,Home/Home Décor/Draft Stoppers,2
1171,Handmade/Dolls and Miniatures/Plush,2
1162,Handmade/Quilts/Fabric Postcard,2
1170,Vintage & Collectibles/Trading Cards/Price Guides & Publications,2
1174,Handmade/Geekery/Horror,2
1158,Handmade/Glass/Dishes,2
972,Handmade/Crochet/Scarf,2
1015,Kids/Safety/Safety Caps,2
1284,Home/Home Décor/Doormats,2
1119,Kids/Bathing & Skin Care/Non-Slip Bath Mats,2
1278,Kids/Potty Training/Step Stools,2
1061,Kids/Gear/Playard Bedding,2
1124,Handmade/Pets/House,2
1128,Handmade/Dolls and Miniatures/Animals,2
1156,Kids/Bathing & Skin Care/Conditioners,2
1276,Handmade/Patterns/Cross Stitch,2
1142,Vintage & Collectibles/Antique/Serving,2
1034,Sports & Outdoors/Team Sports/Badminton,2
1027,Handmade/Dolls and Miniatures/Fantasy,2
1145,Handmade/Patterns/Beading,2
1147,Kids/Potty Training/Seat Covers,2
1270,Handmade/Knitting/Accessories,2
1051,Handmade/Housewares/Office,2
1024,Women/Maternity/Suits & Blazers,2
1094,Handmade/Quilts/Wall Hanging,2
1197,Handmade/Woodworking/Outdoor,2
1199,Vintage & Collectibles/Housewares/Pot Holder,2
1244,Vintage & Collectibles/Accessories/Compact,2
473,Handmade/Jewelry/Books and Zines,2
748,Sports & Outdoors/Exercise/Track & Field,2
1207,Handmade/Housewares/Entertaining/Serving,2
1250,Handmade/Candles/Scrapbooking,2
1225,Handmade/Weddings/Just Married,2
1209,Other/Office supplies/Furniture,2
1211,Handmade/Candles/Stationery,2
821,Handmade/Woodworking/Carving,2
1249,Kids/Safety/Edge & Corner Guards,2
1177,Handmade/Quilts/Patchwork,2
1248,Handmade/Dolls and Miniatures/Other,2
1218,Vintage & Collectibles/Accessories/Necktie,2
1246,Handmade/Patterns/Quilt,2
1256,Handmade/Geekery/Magic,2
1217,Men/Coats & Jackets/Poncho,2
726,Vintage & Collectibles/Bags and Purses/Wallet,2
1263,Vintage & Collectibles/Serving/Platter,2
937,Handmade/Geekery/Humor,2
1232,Handmade/Knitting/Hat,2
1184,Handmade/Accessories/Necktie,2
1185,Handmade/Clothing/Shoes,2
1186,Kids/Gear/Bicycle Child Seats & Trailers,2
1090,Beauty/Tools & Accessories/Hair Coloring Tools,3
1102,Home/Home Appliances/Freezers & Ice Makers,3
1235,Handmade/Ceramics and Pottery/Vases,3
1130,Vintage & Collectibles/Book/Scifi,3
1054,"Men/Shorts/Carpenter, Utility",3
1234,Vintage & Collectibles/Home Decor/Pillow,3
1108,Other/Automotive/Oils & Fluids,3
1127,Vintage & Collectibles/Accessories/Handkerchief,3
1076,Vintage & Collectibles/Supplies/Chain,3
1110,Handmade/Ceramics and Pottery/Supplies,3
1123,Handmade/Clothing/Children,3
1223,Vintage & Collectibles/Serving/Butter Dish,3
1064,Kids/Diapering/Changing Kits,3
1111,Handmade/Geekery/Fantasy,3
1133,Vintage & Collectibles/Housewares/Box,3
1242,Handmade/Woodworking/Burning,3
526,Handmade/Needlecraft/Needlepoint,3
1227,Beauty/Tools & Accessories/Cotton & Swabs,3
1137,Handmade/Woodworking/Jewelry,3
1238,Home/Furniture/Replacement Parts,3
1004,Home/Storage & Organization/Storage Cabinets,3
1190,Handmade/Accessories/Watch,3
1193,Handmade/Quilts/Baby,3
1160,Handmade/Ceramics and Pottery/Coasters,3
1159,Handmade/Patterns/Other,3
784,Beauty/Hair Care/Hair Relaxers,3
1187,Vintage & Collectibles/Toy/Sport,3
1255,Home/Kids' Home Store/Kids' Flatware,3
1165,Vintage & Collectibles/Furniture/Chair,3
1017,Home/Home Décor/Fireplaces & Accessories,3
882,Vintage & Collectibles/Bags and Purses/Diaper Bag,3
1149,Vintage & Collectibles/Paper Ephemera/Advertisement,3
1172,Vintage & Collectibles/Home Decor/Bedding,3
865,Handmade/Books and Zines/Other,3
844,Handmade/Art/Collages,3
1039,Vintage & Collectibles/Serving/Tray,3
1140,Vintage & Collectibles/Furniture/Fixture,3
1135,Handmade/Needlecraft/Felted,3
1202,Handmade/Needlecraft/Doll,3
981,Vintage & Collectibles/Serving/Pitcher,3
932,Home/Kids' Home Store/Kids' Bath,4
966,Other/Musical instruments/Live Sound & Stage,4
1085,Handmade/Glass/Jewelry,4
1084,Handmade/Patterns/Doll Clothing,4
1081,Handmade/Crochet/Bags and Purses,4
1053,Handmade/Woodworking/Boxes,4
994,Vintage & Collectibles/Paper Ephemera/Game,4
1067,Handmade/Accessories/Case,4
1065,Vintage & Collectibles/Book/Science,4
879,Home/Kids' Home Store/Nursery Bedding,4
1056,Home/Storage & Organization/Trash & Recycling,4
1023,Handmade/Dolls and Miniatures/Human Figure Doll,4
925,Home/Seasonal Décor/New Year's,4
942,Handmade/Clothing/Dress,4
543,Vintage & Collectibles/Home Decor/Linens,4
1129,Handmade/Weddings/Pillows,4
1181,Handmade/Patterns/Handmade,4
1173,Vintage & Collectibles/Antique/Paper Ephemera,4
1167,Handmade/Weddings/Candles,4
1118,Vintage & Collectibles/Clothing/Blouse,4
1121,Handmade/Toys/Game,4
1210,Handmade/Dolls and Miniatures/Scale Models,4
1166,Home/Cleaning Supplies/Jewelry Boxes & Organizers,4
1157,Home/Storage & Organization/Holiday Décor Storage,4
1216,Handmade/Dolls and Miniatures/Miniature,4
1155,Handmade/Weddings/Cards,4
1213,Men/Athletic Apparel/Competitive Swimwear,4
1221,Handmade/Quilts/Other,4
1228,Men/Suits/Other,4
1154,Handmade/Knitting/Other,4
1237,Home/Seasonal Décor/Hanukkah,4
1239,Home/Bedding/Feather Beds,4
1099,Sports & Outdoors/Golf/Women's Golf Clubs,4
1220,Handmade/Dolls and Miniatures/Fashion Dolls Apparel,4
1176,Vintage & Collectibles/Housewares/Light,4
948,Beauty/Hair Care/Hair Perms & Texturizers,5
1008,Home/Cleaning Supplies/Brushes,5
989,Vintage & Collectibles/Serving/Bowl,5
985,Handmade/Children/Jewelry,5
977,Men/Suits/Tuxedo,5
1168,Home/Bath/Bathroom Furniture Sets,5
1013,Handmade/Geekery/Jewelry,5
1046,Handmade/Ceramics and Pottery/Planters,5
1097,Home/Home Appliances/Water Coolers & Filters,5
929,Vintage & Collectibles/Electronics/Television,5
1243,Vintage & Collectibles/Electronics/Game,5
635,Vintage & Collectibles/Bags and Purses/Leather,5
696,Handmade/Paper Goods/Bookmark,5
742,Home/Seasonal Décor/Patriotic,5
766,"Vintage & Collectibles/Trading Cards/Historical, Military",5
814,Other/Musical instruments/Bass Guitars,5
1180,Handmade/Ceramics and Pottery/Other,5
820,Handmade/Housewares/Lighting,5
843,Kids/Bathing & Skin Care/Travel Bathing Kits,5
1204,Men/Blazers & Sport Coats/Other,5
1203,Sports & Outdoors/Outdoors/Boating,5
1195,Handmade/Bags and Purses/Novelty,5
1134,Home/Cleaning Supplies/Sponges,5
1189,Home/Furniture/Home Bar Furniture,5
823,Other/Books/Engineering & Transportation,5
893,Handmade/Geekery/Other,5
1194,Handmade/Ceramics and Pottery/Bowls,5
1088,Vintage & Collectibles/Housewares/Table,5
1071,Handmade/Paper Goods/Origami,5
1058,Handmade/Pets/Other,5
1059,Handmade/Weddings/Men,5
1116,Vintage & Collectibles/Antique/Supplies,5
1086,Handmade/Dolls and Miniatures/Figurines,5
1125,Handmade/Clothing/Other,6
761,Handmade/Art/Illustration,6
943,Kids/Diapering/Diaper Stackers & Caddies,6
890,Handmade/Woodworking/Other,6
1163,Handmade/Candles/Sticker,6
1164,Handmade/Children/Toddler,6
946,Women/Jeans/Cargo,6
906,Sports & Outdoors/Footwear/Other,6
1095,Vintage & Collectibles/Book/Illustrated,6
1188,Handmade/Paper Goods/Tag,6
963,Handmade/Pets/Toy,6
1092,Home/Kids' Home Store/Nursery Décor,6
939,Kids/Bathing & Skin Care/Bathroom Safety,6
955,Handmade/Glass/Paperweights,6
899,Vintage & Collectibles/Serving/Casserole,6
1148,Vintage & Collectibles/Serving/Other,6
1201,Handmade/Pets/Bowl,6
1033,Home/Seasonal Décor/Day of the Dead,6
1047,Handmade/Children/Other,6
1161,Handmade/Needlecraft/Pattern,7
1122,Vintage & Collectibles/Clothing/Children,7
790,Handmade/Toys/Children,7
725,Handmade/Pets/Bed,7
1212,Men/Jeans/Cargo,7
835,Handmade/Music/Equipment,7
483,Handmade/Pets/Leash,7
618,Handmade/Weddings/Jewelry,7
1096,Kids/Strollers/Prams,7
1045,Handmade/Toys/Plush,7
1037,Handmade/Patterns/Knitting,7
1036,Kids/Safety/Kitchen Safety,7
546,Vintage & Collectibles/Housewares/Tray,7
802,Handmade/Paper Goods/Calendar,7
1078,Vintage & Collectibles/Supplies/Pattern,7
603,Handmade/Housewares/Other,7
1018,Other/Office supplies/Presentation,7
859,Handmade/Needlecraft/Other,7
1020,Vintage & Collectibles/Accessories/Apron,7
909,Sports & Outdoors/Exercise/Bowling,8
1107,Vintage & Collectibles/Supplies/Trim,8
855,Vintage & Collectibles/Electronics/Telephone,8
1093,Handmade/Jewelry/Music,8
670,Kids/Safety/Electrical Safety,8
856,Handmade/Accessories/Eyewear,8
995,Handmade/Woodworking/Toys,8
1031,Men/Blazers & Sport Coats/One Button,8
870,Kids/Strollers/Joggers,8
822,Vintage & Collectibles/Bags and Purses/Case,8
1109,Vintage & Collectibles/Book/Religion,8
1079,Vintage & Collectibles/Clothing/Tank,8
1006,Handmade/Dolls and Miniatures/Art Doll,8
1103,Handmade/Holidays/Easter,8
1183,Kids/Potty Training/Other,8
1073,Other/Musical instruments/Band & Orchestra,8
1077,Vintage & Collectibles/Bags and Purses/Tote,8
1152,Handmade/Crochet/Housewares,8
965,Handmade/Weddings/Invitations,8
1021,Men/Pants/Corduroys,8
1117,Handmade/Bags and Purses/Clutch,9
1098,"Electronics/Car Audio, Video & GPS/Car Security & Convenience",9
910,Men/Tops/Turtleneck,9
1055,Handmade/Crochet/Afghan,9
518,Vintage & Collectibles/Antique/Accessories,9
811,Men/Athletic Apparel/Vests,9
746,Handmade/Glass/Other,9
568,Handmade/Dolls and Miniatures/Scale Dollhouse Miniature,9
1026,Home/Furniture/Home Entertainment Furniture,9
623,Home/Cleaning Supplies/Sweeping,9
462,Handmade/Holidays/Other,9
1057,Handmade/Housewares/Pillows,9
960,Vintage & Collectibles/Supplies/Finding,10
1151,Kids/Health & Baby Care/Nail Care,10
1153,Kids/Gear/Harnesses & Leashes,10
662,Kids/Health & Baby Care/Sun Protection,10
704,Kids/Feeding/Pillows & Stools,10
428,Handmade/Books and Zines/Bookmark,10
1041,Handmade/Weddings/Clothing,10
756,Home/Home Appliances/Microwaves,10
1000,Other/Automotive/Replacement Parts,10
940,Handmade/Pets/Small Animal,10
887,Men/Suits/Three Button,10
993,Handmade/Weddings/Guest Books,10
577,Handmade/Housewares/Kitchen,10
1112,Home/Bedding/Bed in a Bag,10
1105,Kids/Strollers/Other,10
1007,Women/Skirts/Bubble,10
941,Vintage & Collectibles/Serving/Flatware,11
847,Home/Home Appliances/Dehumidifiers,11
923,Handmade/Needlecraft/Accessories,11
1080,Home/Kitchen & Dining/Home Brewing & Wine Making,11
926,Beauty/Tools & Accessories/Bathing Accessories,11
1091,Vintage & Collectibles/Serving/Glassware,11
1052,Kids/Safety/Gates & Doorways,11
604,Vintage & Collectibles/Electronics/Clock,11
652,Vintage & Collectibles/Book/Biography,11
969,Vintage & Collectibles/Serving/Dinnerware Set,11
1025,Handmade/Glass/Beads,11
1032,Handmade/Needlecraft/Pillow,11
967,Handmade/Others/Graphic Design,11
1136,Sports & Outdoors/Footwear/Men,11
1043,Electronics/Cameras & Photography/Flashes & Flash Accessories,11
849,Handmade/Books and Zines/Journal,12
1132,Handmade/Art/Mixed Media,12
902,Home/Storage & Organization/Garage Storage & Organization,12
740,Handmade/Accessories/Wallet,12
916,Women/Skirts/Tiered,12
1074,"Electronics/Car Audio, Video & GPS/Other",12
922,Vintage & Collectibles/Accessories/Gloves,12
824,Handmade/Music/Other,12
1141,Vintage & Collectibles/Book/Reference,12
1115,Kids/Diapering/Powders & Lotions,12
1062,Vintage & Collectibles/Antique/Other,12
674,Vintage & Collectibles/Accessories/Belt,12
816,Vintage & Collectibles/Clothing/Baby,12
956,Vintage & Collectibles/Clothing/Outerwear,12
938,Home/Home Décor/Slipcovers,12
976,Handmade/Glass/Home Decor,13
934,Kids/Safety/Sleep Positioners,13
1029,Home/Bath/Bath Linen Sets,13
1143,Vintage & Collectibles/Accessories/Wallet,13
947,Kids/Car Seats & Accessories/Other,13
895,Handmade/Pets/Accessories,13
978,"Home/Artwork/Lithographs, Etchings & Woodcuts",13
1106,Handmade/Ceramics and Pottery/Home Decor,13
1101,Home/Cleaning Supplies/Dusting,13
848,Men/Blazers & Sport Coats/Three Button,13
513,"Vintage & Collectibles/Trading Cards/Action, Adventure",14
968,Vintage & Collectibles/Serving/Cream and Sugar Set,14
1146,Handmade/Pets/Grooming,14
152,Handmade/Art/Photography,14
606,Kids/Diapering/Other,14
1144,Kids/Safety/Other,14
620,Vintage & Collectibles/Home Decor/Box,15
988,Handmade/Geekery/Gadget,15
949,Vintage & Collectibles/Book/Art,15
997,Vintage & Collectibles/Toy/Block,15
898,Handmade/Accessories/Hat,15
868,Men/Shoes/Mules & Clogs,15
745,Vintage & Collectibles/Antique/Housewares,15
983,Vintage & Collectibles/Supplies/Button,15
654,Kids/Strollers/Standard,15
1050,Handmade/Quilts/Patch,15
1082,Handmade/Crochet/Doll,15
776,Men/Jeans/Overalls,15
1049,Handmade/Geekery/Toy,15
905,Handmade/Music/Instrument,15
570,Handmade/Crochet/Clothing,15
944,Kids/Bathing & Skin Care/Bubble Bath,16
863,Handmade/Glass/Supplies,16
933,Women/Maternity/Coats & Jackets,16
1048,Vintage & Collectibles/Accessories/Scarf,16
1114,Handmade/Knitting/Blanket,16
747,Handmade/Holidays/Birthday,16
888,Vintage & Collectibles/Book/History,16
698,Home/Home Appliances/Washers & Dryers,16
491,Vintage & Collectibles/Home Decor/Tray,16
825,Vintage & Collectibles/Book/How to,17
897,Home/Artwork/Photographs,17
1011,Handmade/Weddings/Other,17
869,Handmade/Clothing/Women,17
545,Handmade/Art/Sculptures,17
1083,Handmade/Ceramics and Pottery/Kitchen,17
836,Vintage & Collectibles/Accessories/Brooch,18
1038,Kids/Strollers/Lightweight,18
771,Handmade/Pets/Feeding,18
851,Kids/Bathing & Skin Care/Grooming & Healthcare Kits,18
854,Vintage & Collectibles/Housewares/Magnet,18
827,Women/Skirts/Peasant,18
1060,Home/Kids' Home Store/Other,18
1014,Other/Musical instruments/Brass Instruments,18
901,Vintage & Collectibles/Serving/Plate,18
921,Vintage & Collectibles/Serving/Teapot,19
501,Other/Automotive/Performance Parts & Accessories,19
918,Home/Furniture/Other Furniture,19
1104,Vintage & Collectibles/Home Decor/Basket,19
1063,Vintage & Collectibles/Book/Instructional,19
907,Home/Seasonal Décor/Birthday,19
912,Home/Bedding/Inflatable Beds,19
911,Home/Home Appliances/Refrigerators,19
924,Other/Musical instruments/Other,20
1066,Handmade/Patterns/Crochet,20
649,Sports & Outdoors/Footwear/Kids,20
805,Handmade/Paper Goods/Other,20
682,Vintage & Collectibles/Paper Ephemera/Postcard,20
980,Kids/Gear/Activity Centers & Entertainers,20
671,Handmade/Children/Accessories,20
772,Home/Bedding/Other,20
1002,Sports & Outdoors/Golf/Golf Bags,20
1010,Handmade/Books and Zines/Book,20
759,Men/Pants/Dress - Pleat,20
672,Vintage & Collectibles/Accessories/Cuff Links,20
872,Beauty/Tools & Accessories/Toiletry Kits,20
1016,Men/Sweaters/Turtleneck,20
1072,Home/Furniture/Other,20
732,Sports & Outdoors/Apparel/Other,21
632,Vintage & Collectibles/Antique/Home Decor,21
711,Women/Suits & Blazers/Dress Suit,21
1019,Kids/Nursery/Furniture,21
962,Vintage & Collectibles/Bags and Purses/Other,21
996,Handmade/Glass/Stained Glass,21
979,"Electronics/Car Audio, Video & GPS/Car Subwoofers",21
838,Men/Shorts/Dress Shorts,21
886,Other/Automotive/Automotive Enthusiast Merchandise,21
915,Vintage & Collectibles/Electronics/Other,22
634,Vintage & Collectibles/Antique/Toy,22
842,Electronics/Cameras & Photography/Other,22
769,Handmade/Crochet/Other,22
505,Sports & Outdoors/Golf/Electronics,22
875,Sports & Outdoors/Golf/Golf Shoes,23
920,Vintage & Collectibles/Home Decor/Frame,23
800,Handmade/Pets/Clothing,23
615,Home/Bath/Bath Rugs,23
950,Women/Maternity/Skirts,23
961,Sports & Outdoors/Footwear/Women,23
903,Other/Automotive/Tires & Wheels,23
1035,Men/Jeans/Carpenter,23
812,Vintage & Collectibles/Home Decor/Vase,24
998,Handmade/Weddings/Bouquets,24
735,Kids/Health & Baby Care/Nasal Aspirators,24
829,Men/Athletic Apparel/Snowsuits & Bibs,24
964,Kids/Pregnancy & Maternity/Maternity Pillows,24
894,Vintage & Collectibles/Home Decor/Lighting,24
982,Women/Sweaters/Henley,25
957,Handmade/Jewelry/Other,25
596,Electronics/Video Games & Consoles/Other,25
1028,Vintage & Collectibles/Clothing/Corset,25
753,Home/Bath/Other,26
819,Men/Sweaters/Vest,26
660,Other/Automotive/Other,26
707,Handmade/Music/Poster,26
1030,Women/Coats & Jackets/Poncho,26
579,Vintage & Collectibles/Clothing/Pants,26
826,Handmade/Children/Clothing,27
830,Handmade/Clothing/Shirt,27
861,Kids/Safety/Outdoor Safety,27
984,Vintage & Collectibles/Clothing/Shawl,28
908,Other/Office supplies/Paper,28
640,Other/Musical instruments/Studio Recording Equipment,28
359,Home/Furniture/Home Office Furniture,28
752,Vintage & Collectibles/Toy/Puzzle,28
395,Handmade/Geekery/Science,28
900,"Home/Bedding/Shams, Bed Skirts & Bed Frame Draperies",28
1040,Home/Seasonal Décor/Other,28
913,Handmade/Crochet/Accessories,29
763,Vintage & Collectibles/Paper Ephemera/Other,29
1003,Handmade/Music/Tape,29
675,Handmade/Paper Goods/Papermaking,29
1012,"Electronics/Car Audio, Video & GPS/Car Video",30
770,"Electronics/Car Audio, Video & GPS/Car Speakers & Systems",30
945,Kids/Feeding/Gift Sets,30
803,Men/Coats & Jackets/Trench,30
676,Women/Athletic Apparel/Vests,30
952,Women/Skirts/Wrap,30
561,Home/Seasonal Décor/St Patrick's,31
951,Vintage & Collectibles/Housewares/Plate,31
936,Handmade/Housewares/Magnets,31
877,Home/Kids' Home Store/Kids' Furniture,31
700,Home/Home Appliances/Air Purifiers,31
878,Home/Cleaning Supplies/Trash Bags,31
935,Handmade/Geekery/Accessory,31
506,Kids/Gear/Travel Beds,32
586,Kids/Bathing & Skin Care/Shampoo,32
602,Vintage & Collectibles/Serving/Teacup,32
884,Vintage & Collectibles/Home Decor/Planter,32
973,Kids/Bathing & Skin Care/Other,32
733,Home/Furniture/Bedroom Furniture,32
608,Vintage & Collectibles/Book/Health,32
992,Men/Pants/Carpenter,33
999,Home/Home Décor/Mirrors,33
850,Men/Sweaters/Polo,33
464,Home/Storage & Organization/Bathroom Storage & Organization,33
991,Men/Coats & Jackets/Wool,33
614,Handmade/Needlecraft/Embroidery,34
892,Vintage & Collectibles/Accessories/Buckle,34
677,Vintage & Collectibles/Book/Other,34
954,Vintage & Collectibles/Clothing/Other,35
591,Handmade/Weddings/Cake Toppers,35
971,Vintage & Collectibles/Trading Cards/Comic,35
845,Handmade/Weddings/Favors,35
793,Home/Cleaning Supplies/Gloves,36
458,Vintage & Collectibles/Home Decor/Candle Holder,36
797,Handmade/Woodworking/Signs,37
617,Men/Sweats & Hoodies/Other,37
630,"Electronics/Car Audio, Video & GPS/Other Accessories",38
629,Beauty/Fragrance/Other,39
233,Vintage & Collectibles/Electronics/Radio,39
641,Women/Maternity/Athletic Apparel,39
780,Kids/Pregnancy & Maternity/Other,39
815,Kids/Safety/Harnesses & Leashes,39
322,Kids/Gear/Playards,40
648,Handmade/Accessories/Other,40
223,Men/Coats & Jackets/Peacoat,40
914,Home/Storage & Organization/Kitchen Storage & Organization,40
904,"Electronics/TV, Audio & Surveillance/Other",40
778,Vintage & Collectibles/Supplies/Other,41
731,Home/Artwork/Other,41
828,Electronics/Cameras & Photography/Lighting & Studio,41
974,Vintage & Collectibles/Book/Nonfiction,41
666,Handmade/Pets/Pet Lover,41
643,Beauty/Hair Care/Shampoo Plus Conditioner,41
450,Men/Shorts/Other,41
708,Men/Blazers & Sport Coats/Two Button,42
472,Vintage & Collectibles/Housewares/Coaster,42
867,Handmade/Holidays/Valentine,42
775,Home/Home Appliances/Air Conditioners,42
512,Vintage & Collectibles/Antique/75 To 100 Years,42
638,"Men/Shorts/Board, Surf",42
709,Other/Magazines/Other,42
798,Vintage & Collectibles/Supplies/Cabochon,42
644,Women/Sweaters/Wrap,43
734,Vintage & Collectibles/Book/Crafting,43
809,Handmade/Needlecraft/Cross Stitch,43
896,Handmade/Art/Printmaking,44
463,Vintage & Collectibles/Clothing/Skirt,44
504,Men/Coats & Jackets/Varsity/Baseball,44
880,Handmade/Others/Other,44
765,Vintage & Collectibles/Book/Poetry,44
891,Handmade/Clothing/Tshirt,45
986,Home/Bedding/Bedspreads & Coverlets,45
841,Other/Musical instruments/Drums & Percussion,45
587,Men/Suits/Two Button,45
852,Kids/Potty Training/Training Pants,45
781,Home/Home Appliances/Irons & Ironing Boards,46
930,Handmade/Bags and Purses/Laptop,46
694,Other/Books/Politics & Social Sciences,46
719,Beauty/Skin Care/Maternity,46
736,Other/Automotive/Car Care,46
953,Men/Sweats & Hoodies/Track Jacket,47
699,Sports & Outdoors/Fan Shop/Other,47
762,Sports & Outdoors/Golf/Other,47
818,Handmade/Bags and Purses/Pouch,47
874,Handmade/Glass/Ornaments,48
810,Men/Swimwear/Swim Briefs,48
788,Electronics/Video Games & Consoles/Replacement Parts & Tools,48
611,Vintage & Collectibles/Accessories/Shoes,48
695,Vintage & Collectibles/Toy/Children,49
262,Handmade/Toys/Other,49
667,Men/Sweats & Hoodies/Track & Sweat Suits,49
931,Home/Furniture/Living Room Furniture,49
538,Handmade/Accessories/Apron,49
639,Other/Books/History,49
876,Men/Shoes/Outdoor,50
864,Handmade/Others/Personalized,50
381,Vintage & Collectibles/Bags and Purses/Formal,51
539,Kids/Gear/Walkers,51
544,Kids/Bathing & Skin Care/Soaps & Cleansers,51
958,Handmade/Woodworking/Home Decor,51
839,Other/Musical instruments/Amplifiers & Effects,52
559,Men/Coats & Jackets/Parka,52
728,Handmade/Glass/Sculptures,53
846,Vintage & Collectibles/Accessories/Hat,54
873,Handmade/Candles/Other,54
646,"Men/Jeans/Baggy, Loose",54
601,"Kids/Toys/Tricycles, Scooters & Wagons",54
515,Kids/Safety/Cabinet Locks & Straps,55
547,Sports & Outdoors/Team Sports/Hockey,56
774,Home/Cleaning Supplies/Paper Towels,56
927,Kids/Health & Baby Care/Thermometers,57
433,Men/Shoes/Work & Safety,57
347,Kids/Diapering/Diaper Pails & Refills,57
637,Women/Pants/Corduroys,57
681,Handmade/Crochet/Hat,58
889,Handmade/Accessories/Women,58
975,Sports & Outdoors/Exercise/Other,58
673,Electronics/Cameras & Photography/Binoculars & Telescopes,59
853,Women/Suits & Blazers/Other,59
795,Home/Cleaning Supplies/Mopping,59
860,Handmade/Others/Religious,59
806,Vintage & Collectibles/Housewares/Other,59
619,Home/Home Appliances/Space Heaters,59
679,Handmade/Glass/Bowls,60
796,Women/Women's Handbags/Baguette,60
858,Men/Tops/Hawaiian,60
228,Sports & Outdoors/Team Sports/All Other Sports,61
337,Home/Home Appliances/Garment Steamers,61
663,Kids/Nursery/Other,61
657,Handmade/Accessories/Scarf,62
576,Sports & Outdoors/Apparel/Men,62
729,Women/Pants/Leather,62
832,Vintage & Collectibles/Antique/Bags and Purses,63
680,Women/Athletic Apparel/Snowsuits & Bibs,63
296,Women/Coats & Jackets/Cape,63
862,Women/Jeans/Wide Leg,63
631,"Electronics/Car Audio, Video & GPS/GPS Accessories & Mounts",64
959,Handmade/Others/Custom,64
755,Vintage & Collectibles/Book/Children,64
556,Home/Storage & Organization/Laundry Storage & Organization,64
607,Handmade/Art/Drawings,66
866,Vintage & Collectibles/Clothing/Shirt,68
689,"Men/Shorts/Khakis, Chinos",69
701,Kids/Health & Baby Care/Teethers,69
656,Home/Cleaning Supplies/Other,70
658,Women/Jeans/Relaxed,70
724,Handmade/Paper Goods/Gift Wrap,72
452,Handmade/Crochet/Supplies,72
764,Electronics/Video Games & Consoles/Strategy Guides,73
421,Other/Musical instruments/Wind & Woodwind Instruments,73
651,Handmade/Children/Art,73
668,Other/Musical instruments/Keyboards,74
834,Handmade/Paper Goods/Notebook,75
684,"Electronics/TV, Audio & Surveillance/Home Audio",76
386,Home/Home Appliances/Humidifiers,76
550,Beauty/Skin Care/Other,76
857,Sports & Outdoors/Team Sports/Lacrosse,76
871,Vintage & Collectibles/Clothing/Tshirt,76
376,Men/Tops/Henley,77
804,Women/Maternity/Sweaters,78
622,Men/Coats & Jackets/Rainwear,78
597,Handmade/Others/Magic,80
642,Kids/Gear/Other,81
442,Men/Athletic Apparel/Other,83
720,Men/Coats & Jackets/Military,84
738,Home/Bedding/Mattress Pads,84
744,Kids/Health & Baby Care/Humidifiers & Vaporizers,85
292,Beauty/Fragrance/Kids,87
743,Men/Sweaters/Cardigan,87
721,Handmade/Art/Print,88
807,Beauty/Tools & Accessories/Epilators,88
718,Vintage & Collectibles/Book/Fiction,89
495,Men/Pants/Dress - Flat Front,89
881,Electronics/Cell Phones & Accessories/Other,89
710,Women/Sweaters/Shrug,90
687,Kids/Strollers/Travel Systems,90
767,"Other/Musical instruments/DJ, Electronic Music & Karaoke",90
799,Vintage & Collectibles/Housewares/Glass,91
552,Handmade/Housewares/Home Decor,91
398,Vintage & Collectibles/Antique/50 To 75 Years,92
737,Kids/Health & Baby Care/Toothbrushes,92
355,Beauty/Skin Care/Sets & Kits,94
595,Home/Storage & Organization/Other,95
468,Handmade/Holidays/Christmas,95
833,Handmade/Accessories/Men,95
1001,Men/Shorts/Denim,95
583,Home/Kitchen & Dining/Food Service Equipment & Supplies,95
408,Men/Jeans/Other,96
521,Beauty/Tools & Accessories/Tweezers,96
499,Kids/Pregnancy & Maternity/Prenatal Monitoring Devices,96
507,Sports & Outdoors/Team Sports/Tennis & Racquets,97
664,Women/Suits & Blazers/Skirt Suit,98
885,Kids/Potty Training/Potties & Seats,98
340,Kids/Health & Baby Care/Other,99
808,Vintage & Collectibles/Jewelry/Watch,101
605,Kids/Diapering/Changing Pads & Covers,101
531,Kids/Health & Baby Care/Teething Relief,101
647,Home/Home Appliances/Fans,102
477,Other/Office supplies/Other,102
697,Vintage & Collectibles/Antique/Jewelry,103
813,Beauty/Hair Care/Other,103
318,Vintage & Collectibles/Bags and Purses/Pouch,104
678,Other/Musical instruments/Stringed Instruments,105
588,Vintage & Collectibles/Accessories/Other,106
792,Men/Athletic Apparel/Tracksuits & Sweats,106
393,"Kids/Toys/Kids' Furniture, Décor & Storage",106
336,Handmade/Pets/Collar,107
532,Vintage & Collectibles/Paper Ephemera/Stamps,108
444,Kids/Feeding/Highchairs & Booster Seats,109
773,Vintage & Collectibles/Serving/Salt and Pepper Shakers,110
404,Electronics/Media/Other,110
751,Sports & Outdoors/Exercise/Strength training,114
575,Women/Shoes/Outdoor,114
445,Electronics/Cameras & Photography/Camcorders,114
791,Beauty/Makeup/Other,116
244,Women/Skirts/Asymmetrical,117
749,Handmade/Paper Goods/Journal,118
341,Vintage & Collectibles/Book/Cookbook,119
831,Other/Automotive/Motorcycle & Powersports,119
789,Men/Coats & Jackets/Puffer,119
510,Vintage & Collectibles/Clothing/Dress,119
356,Kids/Boys 2T-5T/Swimwear,121
391,Sports & Outdoors/Team Sports/Volleyball,121
589,Home/Bedding/Bed Pillows,123
758,Beauty/Hair Care/Hair Loss Products,125
400,Men/Sweaters/Other,126
659,Women/Pants/Linen,126
537,Sports & Outdoors/Team Sports/Basketball,127
572,Other/Books/Biographies & Memoirs,127
787,Handmade/Weddings/Accessories,128
716,Vintage & Collectibles/Collectibles/Porcelain,129
653,Kids/Gear/Shopping Cart Covers,129
564,Vintage & Collectibles/Home Decor/Other,129
801,Other/Daily & Travel items/Other,130
480,Other/Books/Reference,130
777,"Electronics/Car Audio, Video & GPS/Car Stereos & Components",131
443,Handmade/Accessories/Leg Warmers,131
739,Electronics/Computers & Tablets/Other,132
636,Handmade/Knitting/Knitting Supplies,134
621,Handmade/Glass/Glassware,134
516,Sports & Outdoors/Golf/Golf Balls,134
840,Handmade/Bags and Purses/Hip Bag,136
508,Men/Swimwear/Board Shorts,137
612,Electronics/Cameras & Photography/Tripods & Supports,138
592,Vintage & Collectibles/Antique/Electronics,138
456,Women/Shoes/Work & Safety,138
779,Men/Pants/Cargo,139
366,Sports & Outdoors/Exercise/Boxing & MMA,139
316,Vintage & Collectibles/Antique/100 Years or Older,140
563,Men/Shorts/Athletic,140
686,Women/Pants/Cargo,140
365,Vintage & Collectibles/Clothing/Swimwear,140
750,Vintage & Collectibles/Trading Cards/Other,142
685,Kids/Bathing & Skin Care/Bathing Tubs & Seats,143
783,Men/Pants/Other,143
600,Home/Bedding/Quilts,146
782,Other/Books/Science & Math,146
754,Kids/Boys (4+)/Swimwear,146
328,Women/Sweaters/Tunic,147
562,Beauty/Bath & Body/Other,147
523,Handmade/Needlecraft/Supplies,148
817,Vintage & Collectibles/Home Decor/Wall Hanging,149
453,Other/Books/Business & Money,149
573,Handmade/Holidays/Halloween,151
216,Kids/Boys 0-24 Mos/Swimwear,152
760,Handmade/Art/Other,154
377,Home/Artwork/Drawings,154
549,Other/Musical instruments/Instrument Accessories,154
669,Handmade/Patterns/Sewing,154
581,Men/Pants/Casual Pants,155
399,Vintage & Collectibles/Toy/Game,155
627,Other/Daily & Travel items/Baby & Child Care,155
529,Vintage & Collectibles/Jewelry/Other,159
633,Men/Sweaters/V-Neck,159
768,Handmade/Bags and Purses/Backpack,164
786,Beauty/Tools & Accessories/Other,166
517,Vintage & Collectibles/Jewelry/Earrings,167
690,Men/Sweaters/Full Zip,169
268,Electronics/Computers & Tablets/Desktops & All-In-Ones,170
616,"Electronics/TV, Audio & Surveillance/Home Surveillance",170
722,Vintage & Collectibles/Supplies/Yarn,171
431,Home/Kitchen & Dining/Water Coolers & Filters,173
645,Vintage & Collectibles/Clothing/Jacket,174
548,Women/Shoes/Oxfords,175
247,Other/Magazines/Lifestyle & Cultures,176
613,Women/Coats & Jackets/Wool,177
703,Men/Shoes/Slippers,178
557,Other/Musical instruments/Guitars,178
609,Other/Musical instruments/Microphones & Accessories,178
714,Kids/Toys/Novelty & Gag Toys,181
542,"Electronics/Car Audio, Video & GPS/GPS Units & Equipment",181
713,Kids/Nursery/Nursery Décor,183
837,Vintage & Collectibles/Toy/Other,184
99,Kids/Gear/Baby Gyms & Playmats,186
717,Other/Pet Supplies/Cage,194
269,Home/Seasonal Décor/Thanksgiving,196
528,Men/Tops/Other,197
730,Electronics/Cameras & Photography/Lenses & Filters,197
551,Vintage & Collectibles/Supplies/Fabric,198
489,Home/Home Décor/Vases,199
598,Other/Daily & Travel items/Stationery & Party Supplies,201
349,Other/Books/Arts & Photography,205
457,Women/Tops & Blouses/Turtleneck,206
785,Vintage & Collectibles/Electronics/Camera,207
246,Home/Bath/Towels,211
181,Handmade/Glass/Bottles,213
692,Vintage & Collectibles/Bags and Purses/Change Purse,213
490,Home/Home Décor/Area Rugs & Pads,214
705,Home/Kitchen & Dining/Kitchen Knives & Cutlery Accessories,215
569,Kids/Bathing & Skin Care/Skin Care,215
475,Sports & Outdoors/Fan Shop/NHL,215
372,Men/Coats & Jackets/Motorcycle,216
324,Home/Home Appliances/Vacuums & Floor Care,216
584,Other/Books/Christian Books & Bibles,219
276,Home/Kids' Home Store/Kids' Bedding,220
434,Kids/Safety/Monitors,220
624,Home/Kitchen & Dining/Other,222
406,"Electronics/TV, Audio & Surveillance/DVD & Blu-ray Players",222
650,Kids/Bathing & Skin Care/Washcloths & Towels,222
571,Handmade/Accessories/Pin,223
486,Kids/Gear/Baby Seats,224
329,Sports & Outdoors/Golf/Men's Golf Clubs,225
250,Home/Artwork/Paintings,226
554,Vintage & Collectibles/Supplies/Bead,228
218,Home/Bedding/Duvet Covers & Sets,230
498,Men/Coats & Jackets/Jean Jacket,231
53,Home/Home Décor/Other,232
706,Women/Underwear/Thermal Underwear,233
534,Handmade/Accessories/Gloves,233
593,Home/Storage & Organization/Baskets & Bins,233
599,Men/Shoes/Oxfords,234
757,Kids/Boys 2T-5T/Accessories,235
264,Home/Seasonal Décor/Valentine,235
402,Electronics/Cell Phones & Accessories/Batteries,239
500,Home/Seasonal Décor/Easter,246
449,Vintage & Collectibles/Trading Cards/Vintage,248
655,Sports & Outdoors/Apparel/Women,248
469,Men/Jeans/Relaxed,250
283,Handmade/Art/Painting,251
519,Sports & Outdoors/Outdoors/Other,251
430,Beauty/Tools & Accessories/Waxing,252
628,Men/Coats & Jackets/Other,253
522,Vintage & Collectibles/Toy/Animal,253
414,Kids/Girls 0-24 Mos/Swimwear,257
525,Women/Sweaters/Sweatercoat,260
418,Women/Maternity/Other,263
594,"Vintage & Collectibles/Trading Cards/Sci-Fi, Fantasy",268
155,Vintage & Collectibles/Accessories/Eyewear,269
306,Handmade/Housewares/Wall Decor,271
560,Other/Automotive/Interior Accessories,273
553,Women/Coats & Jackets/Parka,273
661,Men/Coats & Jackets/Flight/Bomber,273
423,Men/Coats & Jackets/Vest,277
702,"Home/Bedding/Decorative Pillows, Inserts & Covers",278
465,Home/Home Décor/Baskets,279
712,Other/Books/Religion & Spirituality,279
727,Sports & Outdoors/Outdoors/Water Sports,280
541,Sports & Outdoors/Outdoors/Snowboard,286
466,Handmade/Paper Goods/Stationery,289
369,Kids/Car Seats & Accessories/Car Seats,291
189,Handmade/Bags and Purses/Tote,292
440,Handmade/Accessories/Pinback Button,296
625,Kids/Pregnancy & Maternity/Family Planning Tests,297
723,Women/Skirts/Other,300
338,Home/Home Décor/Clocks,301
403,"Kids/Gear/Swings, Jumpers & Bouncers",301
454,Sports & Outdoors/Outdoors/Bike & Skate,302
438,Kids/Diapering/Wipes & Holders,304
362,Home/Kitchen & Dining/Wine Accessories,305
232,Other/Books/Other,309
275,Other/Automotive/Car Electronics & Accessories,310
715,"Home/Storage & Organization/Racks, Shelves & Drawers",313
578,Kids/Feeding/Other,314
741,Handmade/Weddings/Decorations,315
688,"Electronics/Computers & Tablets/Printers, Scanners & Supplies",316
392,Beauty/Hair Care/Styling Tools,317
580,Men/Swimwear/Swim Trunks,319
446,"Men/Pants/Khakis, Chinos",319
693,Kids/Girls 2T-5T/Swimwear,322
384,Electronics/Computers & Tablets/Networking & Connectivity,323
91,Women/Women's Handbags/Hobo,323
410,Sports & Outdoors/Exercise/Athletic Training,324
153,Kids/Girls 2T-5T/Accessories,325
203,Women/Athletic Apparel/Other,326
567,Sports & Outdoors/Golf/Golf Apparel,326
691,Women/Skirts/Full Skirt,328
610,Other/Office supplies/Basic Supplies,329
470,Kids/Strollers/Accessories,329
582,Beauty/Bath & Body/Bathing Accessories,332
396,Vintage & Collectibles/Jewelry/Bracelet,332
123,Vintage & Collectibles/Bags and Purses/Clutch,338
494,Vintage & Collectibles/Toy/Doll,338
42,Vintage & Collectibles/Jewelry/Brooch,339
331,Other/Books/Medical Books,348
255,Beauty/Skin Care/Feet,349
520,Other/Automotive/Lights & Lighting Accessories,349
380,Vintage & Collectibles/Toy/Electronic,349
626,Kids/Boys (4+)/Accessories,362
224,Sports & Outdoors/Other/Other,363
590,"Electronics/TV, Audio & Surveillance/Home Speakers & Subwoofers",365
351,Electronics/Media/VHS,367
385,Handmade/Other/Other,373
419,Vintage & Collectibles/Housewares/Bowl,376
249,"Women/Sweaters/Turtleneck, Mock",376
364,Handmade/Toys/Food,379
210,Home/Kitchen & Dining/Small Appliances,379
485,Women/Athletic Apparel/Jerseys,382
266,Women/Sweaters/Poncho,383
245,Handmade/Children/Baby,386
422,Women/Jeans/Overalls,386
304,Vintage & Collectibles/Supplies/Charm,387
217,Home/Kids' Home Store/Kids' Room Décor,388
451,Kids/Toys/Other,388
417,Women/Suits & Blazers/Pant Suit,390
343,Handmade/Paper Goods/Cards,392
425,Women/Maternity/Pants,392
94,Other/Daily & Travel items/Household Supplies,394
211,Sports & Outdoors/Team Sports/Football,394
128,Sports & Outdoors/Outdoors/Fishing,397
256,"Women/Pants/Khakis, Chinos",397
527,Sports & Outdoors/Outdoors/Skateboard,403
488,"Electronics/TV, Audio & Surveillance/Televisions",405
278,Men/Tops/Tank,406
436,Kids/Boys 2T-5T/One-Pieces,407
415,Men/Shorts/Cargo,407
574,Vintage & Collectibles/Other/Other,410
536,Beauty/Tools & Accessories/Mirrors,411
502,Kids/Girls (4+)/Swimwear,413
348,Vintage & Collectibles/Housewares/Cup,413
474,Sports & Outdoors/Outdoors/Indoor/Outdoor Games,413
178,Vintage & Collectibles/Jewelry/Necklace,414
314,Men/Men's Accessories/Ties,417
367,Vintage & Collectibles/Bags and Purses/Luggage,418
683,Kids/Pregnancy & Maternity/Breastfeeding Pillows & Stools,418
413,Women/Sweaters/Scoop Neck,426
496,Women/Coats & Jackets/Trench,434
388,Men/Tops/Dress Shirts,435
435,Home/Cleaning Supplies/Air Fresheners,441
325,Beauty/Makeup/Makeup Remover,445
258,Vintage & Collectibles/Antique/Book,446
305,Home/Storage & Organization/Clothing & Closet Storage,446
373,Beauty/Hair Care/Shampoos,451
387,Beauty/Fragrance/Sets,461
476,Kids/Boys (4+)/Other,462
429,Home/Kitchen & Dining/Kitchen & Table Linens,467
234,Beauty/Hair Care/Conditioners,474
407,Women/Coats & Jackets/Raincoat,475
368,Vintage & Collectibles/Jewelry/Ring,478
166,Sports & Outdoors/Footwear/Cleats,480
533,Kids/Toys/Sports & Outdoor Play,485
321,Beauty/Other/Other,489
357,Women/Maternity/Jeans,497
482,Beauty/Tools & Accessories/Nail Tools,502
163,Home/Other/Other,503
342,Women/Skirts/Pleated,504
346,Men/Athletic Apparel/Pants,506
248,Women/Coats & Jackets/Military,507
46,Men/Coats & Jackets/Fleece Jacket,507
261,Kids/Boys 2T-5T/Other,509
383,Sports & Outdoors/Exercise/Yoga & Pilates,517
524,Beauty/Tools & Accessories/Bags & Cases,520
479,Sports & Outdoors/Team Sports/Soccer,522
401,Other/Office supplies/Calendars,524
371,Kids/Girls 2T-5T/One-Pieces,528
379,Home/Kitchen & Dining/Cookware,529
363,Women/Tops & Blouses/Wrap,533
514,Vintage & Collectibles/Jewelry/Pendant,537
7,Sports & Outdoors/Apparel/Girls,545
177,Other/Office supplies/Ink & Toner,546
535,Vintage & Collectibles/Clothing/Shorts,551
460,Other/Office supplies/Organization,557
555,"Women/Sweaters/Vest, Sleeveless",561
339,Other/Automotive/Tools & Equipment,581
206,Kids/Girls 2T-5T/Other,585
263,Women/Sweaters/Cowl Neck,587
103,Women/Sweaters/Collared,589
287,Home/Bedding/Comforters & Sets,593
427,Sports & Outdoors/Exercise/Dance/Ballet,598
565,Home/Home Décor/Window Treatments,599
566,Handmade/Clothing/Corset,602
487,Vintage & Collectibles/Toy/Car,612
202,Women/Coats & Jackets/Peacoat,613
135,Kids/Car Seats & Accessories/Accessories,616
309,Sports & Outdoors/Fan Shop/NBA,619
302,Handmade/Accessories/Keychain,621
497,Vintage & Collectibles/Bags and Purses/Purse,625
226,Beauty/Hair Care/Hair Color,631
416,Kids/Feeding/Breastfeeding,633
52,Kids/Boys 0-24 Mos/Accessories,648
126,Men/Shorts/Casual Shorts,648
303,Women/Tops & Blouses/Polo Shirt,652
353,Handmade/Accessories/Charm,656
109,Sports & Outdoors/Team Sports/Baseball & Softball,665
350,Kids/Feeding/Storage & Containers,676
174,Vintage & Collectibles/Housewares/Ceramic,680
291,"Electronics/Computers & Tablets/Drives, Storage & Media",692
424,Beauty/Bath & Body/Sets,695
358,Other/Automotive/Exterior Accessories,697
205,Men/Shoes/Sandals,706
447,Kids/Toys/Puzzles,712
201,Kids/Girls 0-24 Mos/Bottoms,713
145,Home/Home Décor/Photo Albums & Frames,717
333,Handmade/Children/Toy,718
106,Kids/Boys 0-24 Mos/Other,720
286,Beauty/Bath & Body/Cleansers,723
511,Beauty/Skin Care/Hands & Nails,725
80,Home/Home Décor/Tapestries,734
272,Kids/Diapering/Cloth Diapers,734
279,Other/Office supplies/Electronics,739
478,Women/Shoes/Other,739
64,Kids/Toys/Electronics for Kids,746
307,Beauty/Makeup/Body,748
182,Men/Jeans/Boot Cut,756
420,Women/Skirts/A-Line,756
493,Women/Jeans/Flare,761
231,Home/Home Décor/Lamps& Accessories,770
354,Electronics/Other/Other,773
311,Kids/Feeding/Pacifiers & Accessories,776
335,Handmade/Music/Vinyl,778
229,Kids/Girls 0-24 Mos/Other,783
8,Vintage & Collectibles/Collectibles/Doll,789
484,Women/Jeans/Boyfriend,805
114,Home/Home Appliances/Kitchen Appliances,810
360,Beauty/Bath & Body/Scrubs & Body Treatments,812
481,Home/Artwork/Posters & Prints,813
558,Handmade/Accessories/Patch,814
139,Kids/Boys 0-24 Mos/Coats & Jackets,815
294,Vintage & Collectibles/Serving/Mug,815
448,Vintage & Collectibles/Serving/Tumbler,817
313,Women/Sweaters/Other,818
411,Men/Sweaters/Crewneck,820
509,Beauty/Skin Care/Eyes,823
169,"Men/Jeans/Slim, Skinny",837
207,Women/Sweaters/V-Neck,843
352,Vintage & Collectibles/Collectibles/Souvenir,853
259,Men/Shoes/Loafers & Slip-Ons,856
585,Home/Home Décor/Decorative Pillows,863
239,Men/Other/Other,871
389,Other/Office supplies/Writing,874
74,Other/Daily & Travel items/Medical Supplies & Equipment,886
320,Kids/Girls 0-24 Mos/Coats & Jackets,895
530,Home/Kitchen & Dining/Storage & Organization,908
240,Home/Bath/Bathroom Accessories,913
146,Kids/Toys/Party Supplies,916
432,Beauty/Skin Care/Sun,918
282,Women/Swimwear/Cover-Ups,920
209,Women/Jeans/Other,920
394,Women/Coats & Jackets/Puffer,925
273,Women/Shoes/Mules & Clogs,929
56,Home/Bedding/Sheets & Pillowcases,941
198,Kids/Boys 2T-5T/Coats & Jackets,950
271,Women/Dresses/Mid-Calf,958
237,Women/Swimwear/Beach Accessories,958
220,Kids/Boys 0-24 Mos/Bottoms,960
116,Beauty/Skin Care/Lips,961
76,Women/Dresses/Other,961
1,Electronics/Computers & Tablets/Components & Parts,964
330,Electronics/Cameras & Photography/Film Photography,991
63,Sports & Outdoors/Fan Shop/NCAA,992
55,Women/Maternity/Tops & Blouses,1007
317,Sports & Outdoors/Apparel/Accessories,1012
503,Kids/Toys/Toy Remote Control & Play Vehicles,1020
96,Kids/Toys/Learning & Education,1025
285,Sports & Outdoors/Apparel/Boys,1030
122,Handmade/Bags and Purses/Wristlet,1031
426,Kids/Other/Other,1038
170,Women/Maternity/Dresses,1041
260,Sports & Outdoors/Fan Shop/MLB,1053
187,Electronics/Cameras & Photography/Camera & Photo Accessories,1057
277,Kids/Girls 2T-5T/Coats & Jackets,1062
93,Vintage & Collectibles/Book/Comics,1064
344,Men/Coats & Jackets/Windbreaker,1065
461,Electronics/Computers & Tablets/iPad/Tablet/eBook Access,1073
58,Kids/Toys/Dress Up & Pretend Play,1074
382,Women/Coats & Jackets/Motorcycle,1077
492,"Home/Home Appliances/Wine, Beer & Beverage Coolers",1078
308,Handmade/Paper Goods/Scrapbooking,1078
150,Women/Women's Handbags/Other,1116
405,Other/Pet Supplies/Others,1136
111,Women/Women's Accessories/Belts,1136
113,Kids/Girls (4+)/Accessories,1148
87,Electronics/Video Games & Consoles/Video Gaming Merchandise,1151
127,"Electronics/TV, Audio & Surveillance/Gadgets",1153
370,Kids/Diapering/Diaper Bags,1162
236,Kids/Diapering/Disposable Diapers,1165
242,Women/Coats & Jackets/Other,1175
540,"Women/Athletic Apparel/Skirts, Skorts & Dresses",1214
293,Home/Kitchen & Dining/Bakeware,1233
467,Beauty/Hair Care/Hair & Scalp Treatments,1254
301,Men/Men's Accessories/Wallets,1268
34,Vintage & Collectibles/Collectibles/Glass,1271
213,Other/Books/Education & Teaching,1282
288,Handmade/Accessories/Hair,1293
281,Women/Pants/Dress Pants,1331
138,Men/Athletic Apparel/Socks,1332
471,Handmade/Accessories/Lanyard,1336
81,Vintage & Collectibles/Collectibles/Figurine,1342
326,Women/Suits & Blazers/Blazer,1343
180,Electronics/Cameras & Photography/Digital Cameras,1346
312,"Women/Jeans/Capri, Cropped",1358
297,Vintage & Collectibles/Clothing/Sweater,1363
310,Vintage & Collectibles/Bags and Purses/Handbag,1367
95,Women/Tops & Blouses/Halter,1401
208,Other/Books/Children's Books,1401
257,Women/Jeans/Straight Leg,1405
196,Men/Shoes/Boots,1406
140,Other/Daily & Travel items/Sports Nutrition,1408
345,Kids/Nursery/Bedding,1413
409,Vintage & Collectibles/Collectibles/Other,1427
199,Handmade/Bags and Purses/Purse,1442
221,Men/Sweats & Hoodies/Track & Sweat Pants,1464
270,Kids/Boys 2T-5T/Bottoms,1493
130,Kids/Girls (4+)/Jeans,1498
289,Kids/Girls (4+)/Other,1500
378,Kids/Girls 0-24 Mos/Accessories,1500
78,Men/Men's Accessories/Belts,1546
185,Electronics/Media/CD,1554
319,Men/Athletic Apparel/Jackets,1610
156,Women/Coats & Jackets/Jean Jacket,1631
61,Home/Storage & Organization/Jewelry Boxes & Organizers,1632
195,Home/Cleaning Supplies/Household Cleaners,1638
120,Vintage & Collectibles/Accessories/Keychain,1642
241,Kids/Boys (4+)/Coats & Jackets,1645
118,Kids/Girls (4+)/Coats & Jackets,1668
197,Home/Bedding/Blankets & Throws,1708
172,Men/Men's Accessories/Sunglasses,1709
315,Women/Underwear/Other,1729
37,"Women/Pants/Capris, Cropped",1734
390,Men/Athletic Apparel/Shorts,1736
280,"Men/Men's Accessories/Backpacks, Bags & Briefcases",1747
361,"Men/Jeans/Classic, Straight Leg",1754
334,Electronics/Computers & Tablets/Laptops & Netbooks,1783
86,Beauty/Hair Care/Shampoo & Conditioner Sets,1821
214,Women/Shoes/Slippers,1822
43,Electronics/Cell Phones & Accessories/Headsets,1850
222,Kids/Girls 0-24 Mos/Tops & T-Shirts,1866
295,Women/Underwear/G-Strings & Thongs,1900
12,Other/Office supplies/School Supplies,1901
16,Kids/Gear/Backpacks & Carriers,1921
133,Women/Pants/Other,1925
227,Kids/Girls 2T-5T/Bottoms,1936
455,Women/Coats & Jackets/Windbreaker,1961
332,Kids/Feeding/Bottle-Feeding,1971
412,Sports & Outdoors/Outdoors/Hiking & Camping,1983
131,Electronics/Computers & Tablets/iPad/Tablet/eBook Readers,1986
162,Men/Tops/Button-Front,1991
144,"Electronics/TV, Audio & Surveillance/Portable Audio & Accessories",2009
397,Home/Seasonal Décor/Christmas,2021
243,Kids/Toys/Baby & Toddler Toys,2031
57,Sports & Outdoors/Exercise/Fitness technology,2034
157,Home/Seasonal Décor/Halloween,2072
439,Beauty/Fragrance/Men,2114
32,Men/Athletic Apparel/Shirts & Tops,2138
252,Kids/Toys/Building Toys,2148
284,Electronics/Cell Phones & Accessories/Screen Protectors,2152
21,Electronics/Cell Phones & Accessories/Chargers & Cradles,2165
290,Electronics/Media/Blu-Ray,2188
441,Home/Home Décor/Candles & Holders,2208
323,Handmade/Clothing/Costume,2293
215,Men/Men's Accessories/Other,2298
192,"Men/Tops/Polo, Rugby",2308
459,Women/Women's Handbags/Satchel,2333
119,Kids/Girls 0-24 Mos/Dresses,2356
107,Handmade/Jewelry/Jewelry,2363
85,Kids/Girls (4+)/Dresses,2366
160,Home/Kitchen & Dining/Kitchen Utensils & Gadgets,2407
164,Kids/Boys 0-24 Mos/Tops & T-Shirts,2415
267,Vintage & Collectibles/Electronics/Video Game,2432
35,Women/Coats & Jackets/Vest,2474
105,Women/Tops & Blouses/Other,2509
327,Beauty/Makeup/Brushes & Applicators,2532
194,Beauty/Hair Care/Styling Products,2545
154,Kids/Girls 2T-5T/Dresses,2547
79,Women/Women's Accessories/Other,2617
299,Kids/Boys (4+)/Bottoms,2621
89,Other/Pet Supplies/Dogs,2629
254,Women/Women's Accessories/Scarves & Wraps,2631
110,Women/Pants/Casual Pants,2636
437,Handmade/Clothing/Lingerie,2639
230,Women/Skirts/Maxi,2686
171,Other/Daily & Travel items/Health Care,2711
132,Vintage & Collectibles/Trading Cards/Sports,2815
39,Kids/Girls (4+)/Shoes,2822
83,Women/Skirts/Mini,2863
274,Kids/Toys/Hobbies,2907
59,Vintage & Collectibles/Trading Cards/Animation,2954
112,Beauty/Fragrance/Candles & Home Scents,2965
73,Women/Sweaters/Full Zip,2965
125,"Men/Sweats & Hoodies/Sweatshirt, Pullover",2972
238,"Women/Skirts/Straight, Pencil",3001
251,Kids/Girls 2T-5T/Tops & T-Shirts,3021
200,Other/Books/Literature & Fiction,3099
168,Women/Athletic Apparel/Socks,3223
167,Women/Coats & Jackets/Fleece Jacket,3276
66,Men/Men's Accessories/Watches,3336
235,Sports & Outdoors/Fan Shop/NFL,3346
121,Women/Dresses/Asymmetrical Hem,3370
184,Men/Athletic Apparel/Jerseys,3378
186,Kids/Boys 2T-5T/Tops & T-Shirts,3378
375,Women/Tops & Blouses/Knit Top,3379
117,Electronics/Cell Phones & Accessories/Cables & Adapters,3423
253,Women/Tops & Blouses/Button Down Shirt,3482
374,Men/Sweats & Hoodies/Hoodie,3706
265,Beauty/Tools & Accessories/Hair Styling Tools,3732
26,Women/Swimwear/One-Piece,3784
193,Kids/Girls (4+)/Tops & T-Shirts,3828
225,Women/Women's Handbags/Cosmetic Bags,3852
298,Electronics/Video Games & Consoles/Accessories,3908
54,Kids/Girls 0-24 Mos/Shoes,3959
88,Kids/Boys (4+)/Top & T-shirts,4042
183,Handmade/Paper Goods/Sticker,4111
33,Electronics/Video Games & Consoles/Consoles,4209
149,Sports & Outdoors/Exercise/Fitness accessories,4213
188,Women/Women's Accessories/Watches,4312
147,Kids/Toys/Games,4349
100,Kids/Boys 0-24 Mos/Shoes,4457
71,Women/Shoes/Loafers & Slip-Ons,4509
165,Women/Women's Handbags/Backpack Style,4551
300,"Electronics/TV, Audio & Surveillance/Headphones",4683
102,Other/Office supplies/Shipping Supplies,4883
40,Vintage & Collectibles/Antique/Collectibles,4978
51,Home/Home Décor/Home Fragrance,5015
84,Men/Shoes/Fashion Sneakers,5039
134,Beauty/Bath & Body/Bath,5049
158,Home/Kitchen & Dining/Dining & Entertaining,5130
219,Kids/Boys 0-24 Mos/One-Pieces,5205
212,Women/Women's Accessories/Hair Accessories,5325
141,Vintage & Collectibles/Toy/Action Figure,5354
190,Women/Shoes/Flats,5422
60,Kids/Boys (4+)/Shoes,5469
204,Kids/Girls 0-24 Mos/One-Pieces,5549
179,Other/Daily & Travel items/Personal Care,5556
124,Women/Dresses/Full-Length,5617
191,Women/Women's Accessories/Hats,5708
30,Kids/Toys/Stuffed Animals & Plush,5881
92,Beauty/Makeup/Nails,6045
14,Beauty/Makeup/Makeup Sets,6175
75,No Category,6327
143,Men/Men's Accessories/Hats,6351
70,Women/Athletic Apparel/Tracksuits & Sweats,6415
27,Women/Jeans/Boot Cut,6478
129,Women/Jeans/Leggings,6694
151,Women/Women's Accessories/Sunglasses,7005
36,Kids/Toys/Arts & Crafts,7205
97,Beauty/Tools & Accessories/Makeup Brushes & Tools,7251
5,Women/Other/Other,7264
68,Kids/Boys 2T-5T/Shoes,7289
175,Electronics/Media/DVD,7383
48,Women/Sweaters/Crewneck,7388
72,Women/Shoes/Pumps,7454
173,Women/Tops & Blouses/Tunic,7850
142,Other/Other/Other,7933
65,Kids/Girls 2T-5T/Shoes,8122
49,Women/Athletic Apparel/Jackets,8294
101,Women/Sweaters/Cardigan,8331
104,Women/Underwear/Panties,8648
20,Electronics/Cell Phones & Accessories/Cell Phones & Smartphones,8698
38,Women/Women's Handbags/Messenger & Crossbody,8926
19,Women/Athletic Apparel/Sports Bras,9067
31,Women/Women's Handbags/Totes & Shoppers,9373
41,Home/Kitchen & Dining/Coffee & Tea Accessories,9880
176,Electronics/Cell Phones & Accessories/Cell Phone Accessories,9998
137,Beauty/Skin Care/Body,10010
159,Women/Shoes/Fashion Sneakers,10164
115,Women/Sweaters/Hooded,10480
44,Women/Jewelry/Rings,10650
98,Women/Jewelry/Earrings,11932
148,Kids/Toys/Action Figures & Statues,12524
50,Women/Shoes/Athletic,12662
6,Women/Swimwear/Two-Piece,12758
3,Home/Home Décor/Home Décor Accents,13004
77,"Women/Jeans/Slim, Skinny",13392
69,Women/Women's Accessories/Wallets,13616
47,Kids/Toys/Dolls & Accessories,13957
23,Men/Shoes/Athletic,14257
136,Women/Jewelry/Bracelets,14497
108,Women/Shoes/Sandals,14662
161,Women/Athletic Apparel/Shirts & Tops,14738
67,Women/Dresses/Knee-Length,14770
0,Men/Tops/T-shirts,15108
90,Women/Women's Handbags/Shoulder Bag,15328
29,Beauty/Skin Care/Face,15836
10,Beauty/Fragrance/Women,18628
13,Women/Shoes/Boots,18864
17,Beauty/Makeup/Makeup Palettes,19103
45,Women/Athletic Apparel/Shorts,19528
4,Women/Jewelry/Necklaces,19758
11,"Women/Dresses/Above Knee, Mini",20082
18,"Women/Tops & Blouses/Tank, Cami",20284
2,Women/Tops & Blouses/Blouse,20284
28,Women/Underwear/Bras,21274
24,"Electronics/Cell Phones & Accessories/Cases, Covers & Skins",24676
15,Beauty/Makeup/Eyes,25215
62,Electronics/Video Games & Consoles/Games,26557
82,Beauty/Makeup/Lips,29910
9,Beauty/Makeup/Face,34335
22,Women/Tops & Blouses/T-Shirts,46380
25,"Women/Athletic Apparel/Pants, Tights, Leggings",60177
